Identifier,,,,
Aabharan Hemanth,,,,
Aaron McKenzie,,,,
Abdulaziz Almusa,,,,
Abhishek Bamotra,,,,
Abi Kalpathi Suresh,,,,
Adam Quinn,,,,
Adi Magal,,,,
Aditya Rao,,,,
Akash Garg,,,,
Akshay Ramkrishnan,,,,
Alec Probst,,,,
Alessandra Fleck,,,,
Alexander Baikovitz,,,,
Ali Albazroun,,,,
Andrea Davis,,,,
Andrea Sipos,,,,
Andrew Horchler,,,,
Andrew Paul Tallaksen,,,,
Andrew Ye,,,,
Andrew Zhang,,,,
Andrzej Jackowski,,,,
Anna Fuller,,,,
Annette Hong,,,,
Antonio Song,,,,
Antonio((Yuhan) Song,,,,
Ashley Taylor,,,,
Ashu Sharma,,,,
Avi Padmanabhan,,,,
Ben Boxer,,,,
Ben Chaffee,,,,
Ben Holden,,,,
Ben Martin,,,,
Ben McKeeby,,,,
Bhakti Shah,,,,
Caitlin Coyiuto,,,,
Caleigh Goodwin,,,,
Caleigh Goodwin-Schoen,,,,
Calvin Boyle,,,,
Ceci Morales Garza,,,,
Cedric Corpa de la Fuente,,,,
Chester Glenn,,,,
Chloe (SunMin) Kim,,,,
Chris Cunningham,,,,
Chuck Whittaker,,,,
CJ May,,,,
Connor Colombo,,,,
Cora Wang,,,,
Cory Bird,,,,
Coy Conduff,,,,
Curt Boirum,,,,
Danae Petroulakis,,,,
Daniel Arnett,,,,
Daniel Glazer,,,,
Daniel Scher,,,,
Daniele ,,,,
Diana Zhang,,,,
Dimitrios Nikitopoulos,,,,
Divya Rao,,,,
Dylan Hawley,,,,
Eddie Tapia,,,,
Elizabeth Armon,,,,
Eric Trimbur,,,,
Erick Ramirez,,,,
Estevan Chairez,,,,
Eugene Fang,,,,
Evan Aronhalt,,,,
Evan Evan,,,,
Felipe Daniel,,,,
Fernando Tabares,,,,
Gabbi LaBorwit,,,,
Gabrielle LaBorwit,,,,
Geoffrey Cohen,,,,
Griffin Della,,,,
Hadley Pratt,,,,
Haley Park,,,,
Hannah Bartoshesky,,,,
Hannah Lyness,,,,
Hannah Tomio,,,,
Harjatin Baweja,,,,
Heather Jones,,,,
Helen Song,,,,
Helen Tsui,,,,
Hendrik Dreger,,,,
Hunter Wodzenski,,,,
Ian Holst,,,,
Ignacio Cordova,,,,
Inez Khan,,,,
Isabel Fleck,,,,
Ivy He,,,,
Jaghvi Mehta,,,,
Jake Boca,,,,
Jake Tesler,,,,
Janelle Wen,,,,
Jasmine Bitanga,,,,
Jay Huh,,,,
Jay Jasper,,,,
Jay Maier,,,,
Jeremy Meola,,,,
Jessica Meng,,,,
Jiaqi Liu,,,,
Jinglun Ding,,,,
Joe Bartels,,,,
Joe Mertz,,,,
Joe Wright,,,,
Joe Zimo,,,,
Joey Joseph,,,,
John Lore,,,,
John Mann,,,,
John Walker Moosbrugger,,,,
Johnathan Cassady,,,,
Jon Anderson,,,,
Jon Schiavo,,,,
Jon Stapchuck,,,,
Jonathan Ali,,,,
Jonathan Schwartz,,,,
Jordan Ford,,,,
Josh Wilson,,,,
Joshua Cheng,,,,
Joshua Vilkas,,,,
Julian DeLano,,,,
Julianne Sanscartier,,,,
Jun Kim,,,,
Justin Nguyen,,,,
Karthik Chandrashekaraiah,,,,
Kashyap Adury,,,,
kerry quinn,,,,
Kevin Low,,,,
Kunal Ashok,,,,
Kushal Sandeep,,,,
Lauren Hung,,,,
Lawrence Papincak,,,,
Lena Li,,,,
Leo Cervantes,,,,
Lindy Cornwall,,,,
Lou Chomas,,,,
Lucas Moiseyev,,,,
Luke Tsai,,,,
Lydia Schweitzer,,,,
Manan Ghelani,,,,
Manoj Bhat,,,,
Marissa DeFallo,,,,
Martial Sawasawa,,,,
Mason Xiao,,,,
Matt Schnur,,,,
Matt Zischkau,,,,
Matthew Hyatt,,,,
Max McHugh,,,,
Meghan Cilento,,,,
Mia Tang,,,,
Michael Gee,,,,
Michael Roberts,,,,
Michelle Chen,,,,
Mickey Velado,,,,
Mike Chiang,,,,
Mike Gee,,,,
Mike Provenzano,,,,
Morgan Montalvo,,,,
Mukundh Balajee,,,,
Nandita Kumari,,,,
Nathan Kaleida,,,,
Nathan King,,,,
Neha Gautam,,,,
Neil Khera,,,,
Nicholas Acuna,,,,
Nick Crispie,,,,
Nikolai Stefanov,,,,
Nima Rahnemoon,,,,
Nishant Sharma,,,,
Nora Kazour,,,,
obs ,,,,
Oleg Sapunkov,,,,
Oskar Schlueb,,,,
Pat Callaghan,,,,
Paul Ramirez,,,,
Paulo Fisch,,,,
Philipp Schneider,,,,
Praveen Vulimiri,,,,
Qiang Gu,,,,
Rachel Fu,,,,
Rachel Lee,,,,
Raewyn Arcadia,,,,
Raewyn Duvall,,,,
Rafi Segal,,,,
Rai Munoz,,,,
Rasmus Bergstr√∂m,,,,
Ray Galeza,,,,
Ray Pai,,,,
rboirum ,,,,
Riva Fouzdar,,,,
Robert Gower,,,,
Roberto Jaime,,,,
Rohith Pillai,,,,
Ryan Huang,,,,
Ryan O'Keefe,,,,
Sai Swaminathan,,,,
Saksham Khurana,,,,
Sam Lapides,,,,
Samuel Porter,,,,
Sandeep Mistry,,,,
Sanjay Narayanan,,,,
Sarah Jensen,,,,
Satat Ojha,,,,
Scott Krulcik,,,,
Shannon Case,,,,
Shannon ,,,,
Sharon Liu,,,,
Sharon(Dayoung) Lee,,,,
Sherry Chen,,,,
Shreyas Shenoy,,,,
Shrirang Patki,,,,
Shuwen Wang,,,,
Sid Sahoo,,,,
Siddharth Girdhar,,,,
Siri Maley,,,,
Siyi Cao,,,,
Sofia Hurtado,,,,
Sora Shin,,,,
Stephanie Manasterski,,,,
Stephanie Tam,,,,
Sun Min,,,,
SungHo Hwang,,,,
Suyash Bhatt,,,,
Takuto Oikawa,,,,
Tanvi Bhargava,,,,
Tasha Russman,,,,
tdardia ,,,,
Tenzin Crouch,,,,
Thor Mercier,,,,
Tianwei(Owen) Li,,,,
Tim Angert,,,,
Timmy Chiu,,,,
Tom Scherlis,,,,
Tomi Akin-Sodipo,,,,
Troy Arbuckle,,,,
Urara Kono,,,,
Varun Raghav Ramesh,,,,
Vicky Zhou,,,,
Victoria Han,,,,
Vidhi Patel,,,,
Vignan Velivela,,,,
Vignesh Rajmohan,,,,
William Ganucheau,,,,
Xiaobin Li,,,,
Yin Zhong,,,,
Yonatan Nozik,,,,
Youie Cho